analysis,statistic,estimate,se_ci,p,note
Pooled OLS (n = 8),Slope (ppm termite-1 24 h-1),6.75,SE 0.95; CI 4.41-9.08,4.0 x 10^-4,Intercept -23.0 ppm
Pooled OLS (n = 8),R2,0.893,-,-,Pearson r = 0.945
Rank correlation (n = 8),Spearman rho,0.952,-,2.6 x 10^-4,Monotonic dose ordering
Per-termite rate (n = 8),Mean +/- SD,6.72 +/- 0.90,-,-,CV = 13.4%
LOO cross-validation,Q2,0.80,-,-,Mean abs. error 16.4%
"Endpoint definition (last full hour median, h > 23)",Slope / R2,6.65 / 0.896,-,-,Net dCO2 changed by 26.5 ppm on average (max 47.5 ppm)
Batch 2 only (n = 5),Slope / R2,7.47 / 0.964,-,0.003,Five-load batch
Cross-batch transfer,Deviation,-21.4 to -11.9%,-,-,"Batch-2 model -> Batches 1, 3"
ANCOVA (N + batch),"Batch F(2,4)",2.45,-,0.20,R2 = 0.952; common slope 7.24
